{
  "random": {
    "vph": [
      1.76,
      1.76,
      1.6409455471692043,
      1.4243768300022004,
      1.76,
      1.76,
      1.76,
      1.76,
      1.572522356416066,
      1.7208401750779978,
      1.246631947877009,
      1.696668586770299,
      1.3609997993180665,
      1.5750618351660644,
      1.76,
      1.76,
      1.76,
      1.7531246107482523,
      1.673308436798332,
      1.505547291942818,
      1.676882054654336,
      1.6654114376420495,
      1.6037461519019922,
      1.5895206521877596,
      1.541204069179455,
      1.6088811861391297,
      1.4879555664344355,
      1.420106595790173,
      1.6592583022057041,
      1.76,
      1.76,
      1.76,
      1.594470326359886,
      1.3842728598709344,
      1.76,
      1.6367578630116626,
      1.3993116642050192,
      1.76,
      1.76,
      1.5265836941390247,
      1.76,
      1.5739433336394035,
      1.5575865019475161,
      1.6980238838143824,
      1.2521872173777107,
      1.6001783041035171,
      1.6388120123413867,
      1.2759880157160362,
      1.76,
      1.6229607359574514,
      1.7440465271264347,
      1.6969502873670297,
      1.7423892926927813,
      1.4794400782849622,
      1.76,
      1.76,
      1.4312412726072534,
      1.5252231727061467,
      1.561337246466134,
      1.76
    ],
    "vpl": [
      0.9402008660884947,
      1.1460917094230993,
      1.1322102006365775,
      1.3743768300022003,
      1.3821005868411702,
      1.369920320080944,
      1.3337357531968155,
      1.3787137893894805,
      1.1646361252809043,
      1.3815852639786361,
      0.8671233645438196,
      1.26066777091082,
      1.3109997993180664,
      1.3767146450047294,
      0.5712206974688412,
      0.8633327709629139,
      0.7185300817790279,
      1.3765848085374266,
      1.1093575190526734,
      0.8699769651743918,
      1.38241695087704,
      0.3,
      1.38888692363254,
      0.8585436882632096,
      0.8740039477672438,
      1.38110565972021,
      1.3777823135774405,
      1.125267696465856,
      1.3783709894748888,
      0.6898786478391138,
      0.9046107737675094,
      1.3734209065388376,
      0.8846743180698365,
      0.8883842059517816,
      1.100232432841694,
      1.3767809658623564,
      1.3493116642050191,
      1.384305432980684,
      1.3767287983433505,
      1.1332224705180547,
      1.0759293688367288,
      1.3656425604371336,
      0.8536889846596794,
      1.394133206972152,
      1.2021872173777106,
      1.3717182063381006,
      1.3857273167169843,
      1.225988015716036,
      0.8524338653253326,
      1.3813869598491106,
      1.3815472911412436,
      1.3642156139632604,
      0.7106208814069904,
      1.3728727180053448,
      1.1935710501921954,
      0.9145756186631977,
      0.8166000035398696,
      0.8253375315388719,
      1.367095433937369,
      0.7909580837436279
    ]
  },
  "lhs": {
    "vph": [
      1.76,
      1.76,
      1.6365791350054242,
      1.6971098077374935,
      1.585348962672516,
      1.5029008212179895,
      1.2422310441145148,
      1.6704848548759408,
      1.6473321786143431,
      1.76,
      1.4536723704508523,
      1.6963010277658745,
      1.680212486161033,
      1.7166232569058189,
      1.76,
      1.550489526585246,
      1.647792939430579,
      1.5688478577835228,
      1.526058430020624,
      1.3824901700298393,
      1.76,
      1.76,
      1.7245099122573084,
      1.76,
      1.2761759846254175,
      1.6510938892470945,
      1.3322161644670107,
      1.4948402493007853,
      1.3983710024657479,
      1.76,
      1.544219554473257,
      1.7552759816871055,
      1.7345991010673105,
      1.7354086106379305,
      1.5497039542324968,
      1.7485533731006235,
      1.76,
      1.5811613669325217,
      1.76,
      1.6980784691353794,
      1.76,
      1.5675051948834107,
      1.4640176545389971,
      1.5695849795492187,
      1.6411275631811664,
      1.6382737179843185,
      1.4319135222153132,
      1.3092632083845548,
      1.7286984432510484,
      1.76,
      1.7220863232038608,
      1.76,
      1.7061934454824372,
      1.76,
      1.76,
      1.7037907027114045,
      1.2506490445158485,
      1.5976904378230081,
      1.76,
      1.76
    ],
    "vpl": [
      1.3759296812762722,
      1.37243414989909,
      1.3759573426692517,
      0.7551824239138275,
      1.376118580073172,
      0.5771738002037522,
      1.1922310441145147,
      1.1522164874634457,
      1.3801428429939764,
      1.3837131026562268,
      0.9433537972817307,
      1.377857790104599,
      1.096540088875217,
      1.319094393585991,
      1.3810817410174152,
      1.214083830910235,
      1.1261964240616904,
      1.3365435409164759,
      1.380066713141069,
      0.7409895783232839,
      1.3754986886796279,
      1.3767644227497295,
      0.671537457802468,
      1.3396021318971378,
      1.2261759846254174,
      1.382808290573216,
      1.0277819855211912,
      0.5895979059827564,
      1.2421929361844284,
      1.3736982310567853,
      0.851183870045298,
      1.3910846245292026,
      0.6067258925420306,
      1.2065291074881601,
      0.8168482004078252,
      1.3729118355762786,
      0.7305916125854545,
      1.392660335614417,
      0.8267801273846096,
      1.3791350498680581,
      1.3819813645029055,
      0.701619035861861,
      1.0640282324499994,
      0.9953014585671254,
      1.3572130355182135,
      0.9361548100472319,
      1.3787599739155438,
      0.6027806577655425,
      0.9265365626572415,
      1.222265405880822,
      1.171490128390909,
      1.2305036089368613,
      1.3812848972683256,
      0.8285107623144187,
      1.3768282453511602,
      1.3841204927291542,
      0.8257378154811302,
      1.3799070534585764,
      1.3345695231778651,
      1.012600384090416
    ]
  },
  "grid": {
    "vph": [
      1.5917600387362028,
      1.5938724574725396,
      1.6006905829899576,
      1.6123070464837446,
      1.6389440906453652,
      1.625422291223235,
      1.6403792703800146,
      1.53201152006289,
      1.5490186339684169,
      1.5451241505839959,
      1.5528626908899872,
      1.5586676995168978,
      1.5745125978838441,
      1.5753863834832347,
      1.4711219884935949,
      1.473162239545748,
      1.4784257542322354,
      1.4887922138370953,
      1.499467578108011,
      1.504200048869535,
      1.5138474553557273,
      1.401958092488189,
      1.4076025882872754,
      1.4168743755323563,
      1.4135761099996653,
      1.4203660782004905,
      1.4411931596430214,
      1.4389371070126011,
      1.3348552545153785,
      1.3522885735092929,
      1.3551656662612215,
      1.3591697754045544,
      1.3766994258129706,
      1.3775730800310508,
      1.3922292613902532,
      1.2702799093882233,
      1.2796045515812526,
      1.2843586718957314,
      1.2973439494706158,
      1.2977332758324844,
      1.3183105849848291,
      1.3235604486422363,
      1.2064528509115802,
      1.2099956333193163,
      1.2257562828158386,
      1.2293743847959044,
      1.2393689243712864,
      1.2359838344880698,
      1.2546129678998768
    ],