{
  "random": {
    "vph": [
      1.5965337414410188,
      1.610426330983149,
      1.5727133496684276,
      1.5415143703241212,
      1.6041422811630233,
      1.5887214857877536,
      1.5127538006074033,
      1.486577754044199,
      1.5694013180027664,
      1.4418009576440405,
      1.509685256475472,
      1.738027051037161,
      1.6905843911278962,
      1.5787564899321471,
      1.5138825865634542,
      1.7041627730057725,
      1.5099796098865208,
      1.4936247561600005,
      1.5700509752454148,
      1.5256997553143719,
      1.7050050582433125,
      1.6399860028539037,
      1.7039703593234286,
      1.5226319891039055,
      1.4929388162143784,
      1.6803162703737449,
      1.6796467141689104,
      1.6082738246075048,
      1.508408190333055,
      1.5329393242031966,
      1.546420855591342,
      1.6903347730047062,
      1.5850048045960485,
      1.6241278768361753,
      1.5649459938069723,
      1.5610681056613875,
      1.685038063647422,
      1.6073527983429092,
      1.6106268627906275,
      1.6848786879463653,
      1.487353224263749,
      1.4913719397948095,
      1.57908461679368,
      1.628561694365531,
      1.6221647181862007,
      1.6137657467139004,
      1.730375115132742,
      1.6874920513457792,
      1.6104613823735936,
      1.5381569957899421,
      1.4554641040276086,
      1.5534676687773008,
      1.6435878514659015,
      1.566502467592913,
      1.56548048849516,
      1.6750061168819157,
      1.6603824574985626,
      1.6224187450648078,
      1.6677292911613748,
      1.6612862865962725
    ],
    "vpl": [
      1.210517823868974,
      1.2772689099484724,
      1.3166124040904816,
      1.0530017282978748,
      1.0060267980697581,
      1.0565439834917534,
      0.9399870640471467,
      1.1199223542839774,
      1.1771117926903358,
      0.9497063410767471,
      1.068893164850822,
      1.2746663606715387,
      1.2255585458621887,
      1.2431806207073743,
      0.9126719559615822,
      1.236061736723067,
      0.9986479491388842,
      1.2159529150644037,
      1.026325187177219,
      0.9342325926806394,
      1.3263980971918634,
      1.2801517240993583,
      1.0899036244358389,
      1.0190263311281451,
      1.2048789030116587,
      1.2741550382712816,
      1.0759884794820695,
      1.3185796999327954,
      0.9379361549832032,
      0.9587700533317041,
      1.1042809314897912,
      1.161208747581832,
      0.9169829766494807,
      1.2069993842397013,
      1.0128188030559988,
      1.1741761152798527,
      1.1515283961516938,
      0.862417618097458,
      1.072270177998355,
      1.1765759229490134,
      1.00498839565949,
      1.1950785373710988,
      1.1917841714789064,
      1.0977479737860343,
      1.0424239416679246,
      1.3193417820166669,
      0.9657767936020757,
      1.2424892520114275,
      1.1703156485918873,
      1.133791737150284,
      0.9978775225148695,
      0.9765775932349896,
      1.1568339540803256,
      1.1075625546489076,
      1.0250119256198549,
      1.2424447171197195,
      1.085321654105733,
      1.325662523461328,
      1.087087783937953,
      1.1502485377577771
    ]
  },
  "lhs": {
    "vph": [
      1.5912539486453277,
      1.5664718174242092,
      1.6459468203199694,
      1.5243149588557494,
      1.5013734028438768,
      1.6930229299788366,
      1.656081657209887,
      1.4646372773314473,
      1.5182575342764308,
      1.575357114162697,
      1.6451368916497626,
      1.6734381765668547,
      1.4985640118687846,
      1.5996678839710265,
      1.5931600105001444,
      1.6842257595506755,
      1.5678121758479295,
      1.5999394490406496,
      1.6613440852868075,
      1.6201599545472267,
      1.619657543688325,
      1.65978736005715,
      1.5876107770425236,
      1.5738766783953146,
      1.4988440981075426,
      1.6735489401343013,
      1.697854120231761,
      1.5451573580235847,
      1.5362250822396866,
      1.6287757004540058,
      1.5831410498049745,
      1.6757165265716754,
      1.4990592192575105,
      1.5637751244767908,
      1.5824758581654965,
      1.6710827463577185,
      1.5693647297119109,
      1.5972152310727548,
      1.5974012598007103,
      1.5128512284442688,
      1.5529323512641957,
      1.6379637919931338,
      1.6999058841324488,
      1.72825786767112,
      1.5736879728660753,
      1.565724943232742,
      1.7071674253781677,
      1.6330451996336537,
      1.4610347445934697,
      1.632183817465497,
      1.5505838025370386,
      1.5282743775556347,
      1.6879590225091747,
      1.5534993422473045,
      1.561218286163726,
      1.7104636452464392,
      1.595986231393455,
      1.6311671020185274,
      1.5338726098148674,
      1.5379828179456378
    ],
    "vpl": [
      1.3512268435839645,
      1.2837372752817842,
      1.153554847148623,
      1.0694615699023688,
      1.262701173945352,
      0.9951104310188961,
      1.2410868886372555,
      1.1250452816017475,
      0.9590162800965102,
      1.2666497005234376,
      1.262000529190433,
      0.8517239922960234,
      0.9866227995370709,
      0.9184503168668826,
      1.2518873936165416,
      1.196888847440227,
      0.9030607969675891,
      1.3164628066016835,
      1.2125631221163669,
      1.0942566540280352,
      1.2809697418220642,
      1.010670759830889,
      0.9611843990741454,
      1.0466226017443028,
      1.0208504023268665,
      0.96223494109678,
      0.9505359729384318,
      1.251818041354259,
      0.9112405606828623,
      1.030773749061055,
      0.9806198012970496,
      0.8403340307182456,
      1.1997821037250334,
      1.05271737127816,
      0.8664616965590654,
      1.1413742332137584,
      1.2445879216097757,
      0.9217506038957111,
      0.9799634806901458,
      0.9833109376362329,
      1.125899175690903,
      1.176755816664586,
      0.8801309246653534,
      1.1649961808181302,
      1.0023157463643293,
      1.1221988824213183,
      1.147199676904601,
      1.191642327189538,
      1.116615729663999,
      0.9990262618704091,
      1.1504052977120012,
      1.2376530221643387,
      0.9372856188636025,
      1.0936983571698364,
      1.0621014329864589,
      1.1638530335914095,
      1.2648083314334297,
      1.2176989786603774,
      0.925172409890535,
      1.0602859382861045
    ]
  },
  "grid": {
    "vph": [
      1.6559915827415794,
      1.6333915414053513,
      1.6046286082236165,
      1.5829646247820253,
      1.5630667860928202,
      1.504288164880422,
      1.4783009577989448,
      1.6688059959332238,
      1.6299253222776955,
      1.6053287350127943,
      1.5776964067722954,
      1.5709579517698367,
      1.5202440076649153,
      1.5158002413742704,
      1.6588679134765354,
      1.6518913164506608,
      1.6557261982844529,
      1.621838903855764,
      1.5370896093975523,
      1.5157814124797946,
      1.4847376712120341,
      1.666339942414224,
      1.6750588206238757,
      1.5991001473856739,
      1.64715430191757,
      1.5842672789236167,
      1.5165782311608629,
      1.5159441262774986,
      1.7131053318854172,
      1.6918350274166731,
      1.620312679799796,
      1.6532801146616458,
      1.54378577394984,
      1.5500535144352294,
      1.5067141658488186,
      1.7129782534288633,
      1.6359323606921952,
      1.6632879333046444,
      1.6074805418830527,
      1.6196426042866048,
      1.5801144771952818,
      1.497301795494094,
      1.7014701645568682,
      1.6788005197484557,
      1.6239316592455502,
      1.6148673788090393,
      1.593100119196611,
      1.5758451592375309,
      1.5153766035097012
    ],